step_time,reward,total_stopped,total_wait_time
5.0,,0,0.0
10.0,0.0,0,0.0
15.0,0.0,0,0.0
20.0,0.0,2,1.0
25.0,-0.01,6,18.0
30.0,-0.07,4,30.0
35.0,-0.12000000000000001,6,59.0
40.0,-0.21999999999999997,9,79.0
45.0,-0.21999999999999997,1,63.0
50.0,0.06,6,83.0
55.0,0.06,12,127.0
60.0,-0.22999999999999998,18,204.0
65.0,-0.25,18,249.0
70.0,-0.25,16,251.0
75.0,0.49,17,299.0
80.0,0.49,21,362.0
85.0,0.12999999999999998,22,433.0
90.0,-0.05000000000000002,23,470.0
95.0,-0.05000000000000002,23,478.0
100.0,0.27,13,432.0
105.0,0.0,12,437.0
110.0,0.0,13,433.0
115.0,0.0,22,542.0
120.0,0.0,27,649.0
125.0,0.0,32,745.0
130.0,0.0,25,817.0
135.0,0.0,20,805.0
140.0,0.0,21,835.0
145.0,0.0,29,889.0
150.0,0.0,22,859.0
155.0,0.0,18,680.0
160.0,0.0,21,700.0
165.0,-0.14,25,751.0
170.0,-0.14,28,790.0
175.0,0.13,30,919.0
180.0,0.13,37,1078.0
185.0,-0.08,34,1203.0
190.0,-0.08,44,1357.0
195.0,0.09,41,1258.0
200.0,0.09,45,1086.0
205.0,-0.02,45,1267.0
210.0,-0.02,53,1505.0
215.0,0.01,39,1497.0
220.0,0.01,37,1575.0
225.0,-0.12000000000000001,33,1516.0
230.0,-0.12000000000000001,34,1385.0
235.0,-0.07,37,1393.0
240.0,-0.14999999999999997,40,1457.0
245.0,-0.14999999999999997,54,1658.0
250.0,0.32999999999999996,65,1959.0
255.0,0.32999999999999996,57,2086.0
260.0,0.02,54,2147.0
265.0,0.0,57,2355.0
270.0,-0.02,57,2407.0
275.0,0.02,50,2274.0
280.0,0.0,50,2359.0
285.0,0.0,57,2520.0
290.0,0.0,68,2740.0
295.0,0.0,76,3011.0
300.0,0.0,64,3211.0
305.0,0.0,59,3165.0
310.0,0.0,57,3042.0
315.0,0.0,70,3197.0
320.0,0.0,75,3398.0
325.0,0.0,73,3559.0
330.0,0.0,72,3633.0
335.0,0.0,75,3511.0
340.0,-0.13,65,3621.0
345.0,-0.13,67,3610.0
350.0,0.13,73,3542.0
355.0,-0.04,70,3242.0
360.0,-0.10999999999999999,49,3019.0
365.0,-0.15,48,2912.0
370.0,-0.15000000000000002,51,2633.0
375.0,-0.15000000000000002,63,2641.0
380.0,0.45,73,2820.0
385.0,0.0,71,3009.0
390.0,0.0,51,2741.0
395.0,-0.21,45,2393.0
400.0,-0.33000000000000007,53,2134.0
405.0,-0.41999999999999993,61,1961.0
410.0,-0.5,65,2097.0
415.0,-0.5499999999999998,64,2157.0
420.0,-0.5300000000000002,59,2090.0
425.0,-0.5499999999999998,44,1962.0
430.0,-0.5499999999999998,49,1779.0
435.0,0.8399999999999999,45,1547.0
440.0,0.8399999999999999,54,1500.0
445.0,-0.33999999999999986,53,1511.0
450.0,-0.33999999999999986,53,1632.0
455.0,0.31999999999999984,61,1661.0
460.0,0.31999999999999984,67,1914.0
465.0,-0.27,57,1882.0
470.0,-0.2999999999999998,68,1940.0
475.0,-0.33000000000000007,50,1794.0
480.0,-0.33000000000000007,48,1594.0
485.0,0.33999999999999986,49,1728.0
490.0,0.33999999999999986,55,1862.0
495.0,-0.41999999999999993,49,1906.0
500.0,-0.3500000000000001,39,1746.0
505.0,-0.3500000000000001,48,1757.0
510.0,2.14,49,1888.0
515.0,2.14,39,1680.0
520.0,-0.09000000000000008,34,1482.0
525.0,-0.09000000000000008,37,1460.0
530.0,1.47,54,1660.0
535.0,-0.05,62,1852.0
540.0,-0.04999999999999999,54,1794.0
545.0,-0.07,36,1505.0
550.0,-0.04999999999999999,36,1507.0
555.0,-0.04999999999999999,41,1583.0
560.0,0.3,56,1815.0
565.0,-0.08,57,1920.0
570.0,-0.08,51,1858.0
575.0,-0.06000000000000001,40,1842.0
580.0,-0.06000000000000001,47,1719.0
585.0,0.14,45,1667.0
590.0,-0.02,44,1753.0
595.0,0.0,46,1835.0
600.0,-0.05,43,1852.0
605.0,-0.07,49,1858.0
610.0,-0.03,52,1808.0
615.0,-0.03,61,2034.0
620.0,0.14,52,2167.0
625.0,0.14,48,2078.0
630.0,0.03,36,1772.0
635.0,0.03,41,1704.0
640.0,0.0,45,1825.0
645.0,0.0,50,1796.0
650.0,0.0,46,1489.0
655.0,0.0,39,1335.0
660.0,-0.1,35,1167.0
665.0,-0.1,44,1212.0
670.0,0.1,54,1364.0
675.0,0.1,59,1578.0
680.0,0.0,58,1633.0
685.0,0.0,52,1688.0
690.0,0.0,50,1671.0
695.0,0.0,54,1785.0
700.0,-0.02,59,1888.0
705.0,-0.02,62,1941.0
710.0,0.02,46,1935.0
715.0,0.0,42,1848.0
720.0,0.0,31,1534.0
725.0,0.0,38,1341.0
730.0,0.0,40,1305.0
735.0,-0.02,43,1248.0
740.0,0.02,46,1347.0
745.0,-0.01,64,1517.0
750.0,-0.21,69,1709.0
755.0,-0.35,57,1700.0
760.0,-0.4,32,1421.0
765.0,-0.49,26,1086.0
770.0,-0.5499999999999998,46,1164.0
775.0,-0.5900000000000003,62,1402.0
780.0,-0.6200000000000001,54,1470.0
785.0,-0.6499999999999999,37,1186.0
790.0,-0.6499999999999999,26,1029.0
795.0,1.02,29,1099.0
800.0,1.02,44,1252.0
805.0,-0.3799999999999999,54,1468.0
810.0,-0.4700000000000002,42,1379.0
815.0,-0.45999999999999996,37,1127.0
820.0,-0.45999999999999996,31,978.0
825.0,1.5300000000000002,34,1011.0
830.0,-0.040000000000000036,36,1123.0
835.0,-0.040000000000000036,43,1183.0
840.0,-0.3500000000000001,44,1092.0
845.0,-0.4700000000000002,46,1094.0
850.0,-0.5,40,1148.0
855.0,-0.5,46,1200.0
860.0,-0.5299999999999994,31,1109.0
865.0,-0.5500000000000007,39,1104.0
870.0,-0.5999999999999996,32,1232.0
875.0,-0.5999999999999996,49,1415.0
880.0,-0.5100000000000007,51,1564.0
885.0,-0.5699999999999994,55,1607.0
890.0,-0.5699999999999994,35,1497.0
895.0,2.0599999999999996,28,1275.0
900.0,2.0599999999999996,36,1241.0
905.0,-0.5800000000000001,30,1203.0
910.0,-0.3799999999999999,31,1130.0
915.0,-0.3799999999999999,39,1035.0
920.0,4.1,38,942.0
925.0,4.1,35,870.0
930.0,0.71,26,777.0
935.0,-0.3500000000000001,32,883.0
940.0,-0.3700000000000001,28,814.0
945.0,-0.3700000000000001,34,759.0
950.0,2.2,30,662.0
955.0,0.35000000000000003,32,619.0
960.0,0.35000000000000003,25,649.0
965.0,0.11,43,789.0
970.0,-0.02,42,907.0
975.0,-0.02,42,999.0
980.0,-0.05,35,964.0
985.0,-0.05,32,867.0
990.0,0.07,27,809.0
995.0,0.07,41,985.0
1000.0,0.0,39,1052.0
1005.0,0.0,18,800.0
1010.0,-0.02,11,552.0
1015.0,-0.02,21,507.0
1020.0,-0.08,21,585.0
1025.0,-0.08,25,612.0
1030.0,0.07,22,608.0
1035.0,0.07,21,529.0
1040.0,-0.08,19,331.0
1045.0,-0.08,22,368.0
1050.0,-0.08,27,421.0
1055.0,-0.04000000000000001,26,492.0
1060.0,-0.11000000000000001,27,573.0
1065.0,-0.14999999999999997,34,594.0
1070.0,-0.14999999999999997,31,619.0
1075.0,0.41,29,610.0
1080.0,0.41,26,651.0
1085.0,-0.03,24,557.0
1090.0,-0.03,31,467.0
1095.0,0.11,23,463.0
1100.0,0.0,16,435.0
1105.0,0.0,34,504.0
1110.0,0.0,35,617.0
1115.0,-0.14,40,764.0
1120.0,-0.22999999999999998,37,901.0
1125.0,-0.22999999999999998,27,807.0
1130.0,0.28,27,696.0
1135.0,0.28,36,841.0
1140.0,-0.08000000000000002,30,887.0
1145.0,-0.08000000000000002,36,955.0
1150.0,0.17,35,956.0
1155.0,0.0,39,1012.0
1160.0,-0.02,44,1156.0
1165.0,0.0,30,1071.0
1170.0,0.0,17,937.0
1175.0,0.02,26,827.0
1180.0,0.02,20,728.0
1185.0,-0.07,13,423.0
1190.0,-0.07,18,307.0
1195.0,0.0,19,368.0
1200.0,0.020000000000000004,25,363.0
1205.0,-0.020000000000000004,25,366.0
1210.0,-0.12,20,242.0
1215.0,-0.22999999999999998,18,269.0
1220.0,-0.16999999999999998,22,348.0
1225.0,-0.13,24,323.0
1230.0,-0.21999999999999997,20,394.0
1235.0,-0.28,24,447.0
1240.0,0.17999999999999994,31,516.0
1245.0,0.17999999999999994,21,466.0
1250.0,0.73,10,250.0
1255.0,0.73,15,234.0
1260.0,0.31,19,259.0
1265.0,0.31,19,287.0
1270.0,-0.02,19,322.0
1275.0,-0.02,24,398.0
1280.0,-0.05,23,451.0
1285.0,-0.05,24,445.0
1290.0,-0.009999999999999995,17,319.0
1295.0,-0.05,21,254.0
1300.0,-0.04999999999999999,21,321.0
1305.0,-0.04999999999999999,24,378.0
1310.0,0.16,23,409.0
1315.0,0.16,30,488.0
1320.0,-0.06,23,451.0
1325.0,-0.06,14,275.0
1330.0,0.08,11,180.0
1335.0,0.08,15,210.0
1340.0,0.0,27,250.0
1345.0,0.0,37,367.0
1350.0,0.0,23,438.0
1355.0,0.0,18,419.0
1360.0,-0.04,19,338.0
1365.0,-0.04,21,328.0
1370.0,-0.030000000000000006,22,357.0
1375.0,-0.16,25,356.0
1380.0,-0.16,24,395.0
1385.0,0.05000000000000002,20,399.0
1390.0,0.05000000000000002,22,320.0
1395.0,0.04999999999999999,18,247.0
1400.0,0.04999999999999999,22,267.0
1405.0,0.1,21,333.0
1410.0,0.1,15,273.0
1415.0,0.03,21,258.0
1420.0,0.03,18,307.0
1425.0,-0.02,11,247.0
1430.0,-0.02,17,168.0
1435.0,0.01,11,186.0
1440.0,0.01,11,176.0
1445.0,0.01,13,181.0
1450.0,0.0,16,182.0
1455.0,0.0,19,152.0
1460.0,0.0,11,129.0
1465.0,0.0,10,87.0
1470.0,0.0,12,90.0
1475.0,0.0,13,139.0
1480.0,0.0,23,181.0
1485.0,0.0,25,247.0
1490.0,-0.17,33,376.0
1495.0,-0.15,28,402.0
1500.0,-0.15,27,406.0
1505.0,0.32,21,426.0
1510.0,0.32,27,426.0
1515.0,0.0,23,419.0
1520.0,0.0,32,494.0
1525.0,-0.02,16,465.0
1530.0,-0.02,9,312.0
1535.0,0.02,13,238.0
1540.0,0.02,18,265.0
1545.0,0.0,20,330.0
1550.0,0.0,17,320.0
1555.0,0.0,15,278.0
1560.0,0.0,20,308.0
1565.0,0.0,13,292.0
1570.0,0.0,8,292.0
1575.0,0.0,15,337.0
1580.0,0.0,16,304.0
1585.0,-0.02,19,190.0
1590.0,0.0,17,261.0
1595.0,-0.009999999999999998,15,286.0
1600.0,0.03,20,365.0
1605.0,0.03,20,402.0
1610.0,0.0,23,433.0
1615.0,0.0,28,525.0
1620.0,0.0,32,666.0
1625.0,0.0,27,707.0
1630.0,0.0,30,762.0
1635.0,0.0,27,842.0
1640.0,0.0,27,823.0
1645.0,0.0,14,624.0
1650.0,-0.02,4,455.0
1655.0,0.0,19,453.0
1660.0,0.0,18,406.0
1665.0,-0.2,15,227.0
1670.0,-0.17,16,244.0
1675.0,-0.19999999999999996,12,272.0
1680.0,-0.19999999999999996,15,257.0
1685.0,0.47,14,219.0
1690.0,0.47,12,154.0
1695.0,-0.08000000000000002,20,165.0
1700.0,-0.08000000000000002,15,145.0
1705.0,0.17,12,134.0
1710.0,-0.07,16,119.0
1715.0,-0.07,22,187.0
1720.0,0.1,26,255.0
1725.0,0.1,17,276.0
1730.0,-0.09,14,202.0
1735.0,-0.09,16,220.0
1740.0,0.06999999999999999,21,296.0
1745.0,0.02,24,341.0
1750.0,0.02,13,339.0
1755.0,-0.08,17,392.0
1760.0,-0.08,15,357.0
1765.0,0.08,22,396.0
1770.0,0.08,23,489.0
1775.0,-0.04,29,563.0
1780.0,-0.04,21,543.0
1785.0,0.04,19,508.0
1790.0,0.0,10,473.0
1795.0,0.0,18,498.0
1800.0,0.0,21,541.0
1805.0,0.0,23,616.0
1810.0,0.0,21,693.0
1815.0,0.0,13,615.0
1820.0,-0.05,10,476.0
1825.0,-0.05,20,537.0
1830.0,-0.04999999999999999,19,563.0
1835.0,-0.05000000000000002,19,577.0
1840.0,-0.06,12,587.0
1845.0,-0.03999999999999998,13,452.0
1850.0,-0.03999999999999998,11,481.0
1855.0,0.27,11,475.0
1860.0,0.27,17,503.0
1865.0,0.03,24,585.0
1870.0,0.03,24,560.0
1875.0,0.0,13,373.0
1880.0,0.0,8,337.0
1885.0,0.0,15,353.0
1890.0,0.0,20,439.0
1895.0,0.0,27,515.0
1900.0,0.0,25,533.0
1905.0,0.0,28,508.0
1910.0,0.0,20,525.0
1915.0,-0.02,14,502.0
1920.0,0.0,14,458.0
1925.0,0.0,14,381.0
1930.0,-0.02,14,283.0
1935.0,-0.060000000000000005,12,229.0
1940.0,-0.060000000000000005,16,275.0
1945.0,-0.12,19,286.0
1950.0,-0.12,23,374.0
1955.0,0.09,21,444.0
1960.0,-0.16999999999999998,13,448.0
1965.0,0.13999999999999999,17,475.0
1970.0,0.08,18,447.0
1975.0,0.08,18,450.0
1980.0,-0.039999999999999994,13,398.0
1985.0,-0.039999999999999994,13,301.0
1990.0,0.09999999999999999,12,128.0
1995.0,0.0,19,207.0
2000.0,0.0,14,237.0
2005.0,-0.05,16,245.0
2010.0,-0.05,16,225.0
2015.0,-0.07999999999999999,14,170.0
2020.0,-0.07999999999999999,12,146.0
2025.0,0.06,10,174.0
2030.0,0.06,12,168.0
2035.0,0.06999999999999999,8,70.0
2040.0,0.0,11,85.0
2045.0,0.0,12,105.0
2050.0,-0.039999999999999994,18,163.0
2055.0,-0.039999999999999994,13,159.0
2060.0,0.06,8,114.0
2065.0,0.06,10,66.0
2070.0,-0.02,11,92.0
2075.0,-0.02,11,115.0
2080.0,0.02,11,106.0
2085.0,0.02,17,154.0
2090.0,-0.03,10,122.0
2095.0,-0.03,8,91.0
2100.0,0.03,8,60.0
2105.0,0.03,12,69.0
2110.0,0.0,16,78.0
2115.0,0.0,21,143.0
2120.0,-0.02,8,98.0
2125.0,-0.02,12,101.0
2130.0,0.02,6,42.0
2135.0,0.02,13,81.0
2140.0,-0.08,15,113.0
2145.0,-0.08,23,198.0
2150.0,0.06,12,164.0
2155.0,0.06,18,162.0
2160.0,0.02,3,70.0
2165.0,0.02,15,86.0
2170.0,-0.02,6,67.0
2175.0,0.0,18,97.0
2180.0,-0.039999999999999994,3,72.0
2185.0,-0.05,17,87.0
2190.0,-0.09000000000000001,4,71.0
2195.0,-0.01999999999999999,16,110.0
2200.0,-0.060000000000000026,6,105.0
2205.0,-0.02999999999999997,15,90.0
2210.0,-0.02999999999999997,11,99.0
2215.0,0.16999999999999998,14,120.0
2220.0,-0.14,13,130.0
2225.0,-0.14,13,125.0
2230.0,0.28,12,95.0
2235.0,0.28,15,150.0
2240.0,-0.02,14,146.0
2245.0,-0.02,14,154.0
2250.0,-0.02,15,153.0
2255.0,-0.02,17,205.0
2260.0,0.02,8,162.0
2265.0,0.02,17,173.0
2270.0,-0.06,5,121.0
2275.0,-0.06,11,136.0
2280.0,0.04,13,172.0
2285.0,-0.049999999999999996,22,241.0
2290.0,-0.049999999999999996,9,168.0
2295.0,-0.07,14,131.0
2300.0,-0.24000000000000002,9,82.0
2305.0,-0.24000000000000002,14,80.0
2310.0,0.22000000000000003,13,91.0
2315.0,0.09999999999999999,20,152.0
2320.0,-0.03,17,212.0
2325.0,-0.06000000000000001,15,181.0
2330.0,-0.06000000000000001,19,179.0
2335.0,-0.32999999999999996,25,255.0
2340.0,-0.32999999999999996,17,297.0
2345.0,0.020000000000000018,18,349.0
2350.0,0.09999999999999998,19,376.0
2355.0,0.22,24,436.0
2360.0,0.22,26,503.0
2365.0,0.16,18,519.0
2370.0,0.16,16,337.0
2375.0,0.0,11,331.0
2380.0,0.0,21,388.0
2385.0,0.0,23,456.0
2390.0,0.0,18,408.0
2395.0,0.0,12,244.0
2400.0,0.0,16,230.0
2405.0,0.0,18,257.0
2410.0,0.0,20,329.0
2415.0,0.0,17,336.0
2420.0,0.0,26,349.0
2425.0,-0.03,20,405.0
2430.0,-0.03,19,437.0
2435.0,0.03,19,511.0
2440.0,0.03,11,420.0
2445.0,0.0,7,232.0
2450.0,0.0,6,228.0
2455.0,-0.05,11,228.0
2460.0,-0.05,13,259.0
2465.0,0.04,10,152.0
2470.0,0.04,15,79.0
2475.0,0.01,3,50.0
2480.0,0.01,5,51.0
2485.0,0.0,8,43.0
2490.0,0.0,18,109.0
2495.0,-0.04,13,93.0
2500.0,-0.04,10,99.0
2505.0,-0.030000000000000006,5,41.0
2510.0,-0.030000000000000006,8,64.0
2515.0,0.07,10,72.0
2520.0,0.07,18,121.0
2525.0,-0.02,14,183.0
2530.0,-0.02,12,191.0
2535.0,0.02,10,127.0
2540.0,0.02,9,101.0
2545.0,-0.06,13,121.0
2550.0,0.0,10,114.0
2555.0,-0.05,13,69.0
2560.0,-0.05,18,105.0
2565.0,-0.09999999999999999,17,132.0
2570.0,-0.29000000000000004,13,159.0
2575.0,-0.29000000000000004,9,102.0
2580.0,0.35,11,83.0
2585.0,0.09999999999999999,11,123.0
2590.0,0.09999999999999999,23,174.0
2595.0,-0.05,22,247.0
2600.0,-0.05,30,331.0
2605.0,0.1,28,410.0
2610.0,0.1,27,470.0
2615.0,0.0,21,508.0
2620.0,0.0,22,505.0
2625.0,-0.03,17,446.0
2630.0,-0.03,15,365.0
2635.0,0.03,14,320.0
2640.0,0.0,14,244.0
2645.0,-0.05,19,339.0
2650.0,-0.03,15,367.0
2655.0,-0.03,14,286.0
2660.0,-0.03,11,194.0
2665.0,-0.03,16,239.0
2670.0,0.1,11,229.0
2675.0,0.1,18,263.0
2680.0,-0.12000000000000001,16,297.0
2685.0,-0.12000000000000001,25,384.0
2690.0,0.13,24,468.0
2695.0,0.13,21,498.0
2700.0,-0.05,22,528.0
2705.0,-0.05,21,575.0
2710.0,0.05,24,559.0
2715.0,0.05,7,391.0
2720.0,0.0,5,280.0
2725.0,0.0,9,111.0
2730.0,0.0,14,91.0
2735.0,-0.02,13,130.0
2740.0,0.02,7,73.0
2745.0,0.02,17,104.0
2750.0,-0.13,21,157.0
2755.0,-0.13,12,184.0
2760.0,-0.010000000000000009,11,147.0
2765.0,0.1,5,126.0
2770.0,0.04,9,132.0
2775.0,0.0,11,160.0
2780.0,-0.02,10,187.0
2785.0,-0.09,13,180.0
2790.0,-0.13,12,209.0
2795.0,-0.13,17,171.0
2800.0,0.12,14,181.0
2805.0,0.04999999999999999,13,208.0
2810.0,0.04999999999999999,20,283.0
2815.0,0.05,19,331.0
2820.0,0.05,11,296.0
2825.0,0.02,7,180.0
2830.0,0.02,15,150.0
2835.0,-0.02,20,177.0
2840.0,-0.02,7,106.0
2845.0,0.02,8,63.0
2850.0,0.02,10,63.0
2855.0,-0.02,11,84.0
2860.0,-0.02,15,110.0
2865.0,0.02,12,133.0
2870.0,0.02,10,112.0
2875.0,0.0,13,108.0
2880.0,0.0,16,137.0
2885.0,0.0,13,133.0
2890.0,0.0,16,173.0
2895.0,-0.02,13,166.0
2900.0,-0.009999999999999998,13,138.0
2905.0,-0.009999999999999998,19,190.0
2910.0,0.009999999999999998,15,177.0
2915.0,-0.05,16,208.0
2920.0,-0.05,22,223.0
2925.0,-0.16999999999999998,19,273.0
2930.0,-0.16999999999999998,25,346.0
2935.0,0.16999999999999998,24,389.0
2940.0,0.16999999999999998,26,457.0
2945.0,0.07,22,489.0
2950.0,0.07,16,354.0
2955.0,-0.04,5,89.0
2960.0,-0.04,10,102.0
2965.0,0.04,10,86.0
2970.0,0.0,20,154.0
2975.0,0.0,14,141.0
2980.0,0.0,15,154.0
2985.0,-0.08,17,205.0
2990.0,-0.08,15,206.0
2995.0,0.06,11,153.0
3000.0,0.02,13,170.0
3005.0,-0.04,13,188.0
3010.0,0.010000000000000002,11,158.0
3015.0,0.010000000000000002,11,118.0
3020.0,-0.03,10,121.0
3025.0,-0.03,20,121.0
3030.0,0.019999999999999997,13,123.0
3035.0,-0.010000000000000002,8,98.0
3040.0,0.05,14,155.0
3045.0,-0.02,11,140.0
3050.0,-0.02,12,150.0
3055.0,0.02,8,111.0
3060.0,0.02,13,140.0
3065.0,-0.02,14,158.0
3070.0,-0.02,17,231.0
3075.0,-0.039999999999999994,18,243.0
3080.0,-0.039999999999999994,13,212.0
3085.0,-0.010000000000000009,16,218.0
3090.0,-0.04999999999999999,13,235.0
3095.0,-0.04999999999999999,16,238.0
3100.0,0.06,11,143.0
3105.0,0.06,8,118.0
3110.0,0.06,7,50.0
3115.0,0.06,4,49.0
3120.0,-0.09,14,72.0
3125.0,-0.09,13,100.0
3130.0,0.09,12,107.0
3135.0,0.09,10,94.0
3140.0,0.0,10,80.0
3145.0,0.0,19,111.0
3150.0,0.0,13,121.0
3155.0,0.0,9,84.0
3160.0,0.0,12,99.0
3165.0,-0.04,8,112.0
3170.0,-0.04,8,76.0
3175.0,-0.030000000000000006,8,75.0
3180.0,-0.030000000000000006,6,58.0
3185.0,0.05,12,71.0
3190.0,-0.039999999999999994,10,80.0
3195.0,-0.039999999999999994,14,109.0
3200.0,-0.03,14,150.0
3205.0,-0.03,19,199.0
3210.0,0.09,14,181.0
3215.0,0.09,14,163.0
3220.0,0.0,7,128.0
3225.0,0.0,11,150.0
3230.0,0.0,9,123.0
3235.0,0.0,16,164.0
3240.0,-0.02,8,82.0
3245.0,-0.02,8,67.0
3250.0,-0.039999999999999994,5,66.0
3255.0,-0.05,12,92.0
3260.0,-0.05,14,122.0
3265.0,-0.08,17,159.0
3270.0,-0.21000000000000002,16,178.0
3275.0,-0.37,20,217.0
3280.0,-0.48,17,220.0
3285.0,-0.48,11,189.0
3290.0,0.31000000000000005,12,177.0
3295.0,0.04999999999999993,10,184.0
3300.0,0.04999999999999993,16,236.0
3305.0,-0.14,12,197.0
3310.0,-0.14,18,199.0
3315.0,0.6000000000000001,19,203.0
3320.0,0.6000000000000001,21,253.0
3325.0,-0.13000000000000006,26,332.0
3330.0,-0.09999999999999998,22,354.0
3335.0,-0.09999999999999998,21,345.0
3340.0,0.56,16,275.0
3345.0,0.56,11,168.0
3350.0,0.08,16,199.0
3355.0,0.02,24,286.0
3360.0,0.0,23,370.0
3365.0,0.0,23,438.0
3370.0,0.0,27,556.0
3375.0,0.0,23,629.0
3380.0,0.0,11,511.0
3385.0,0.0,12,341.0
3390.0,-0.04,15,350.0
3395.0,-0.04,18,378.0
3400.0,0.04,28,411.0
3405.0,0.04,26,493.0
3410.0,-0.04,26,586.0
3415.0,-0.04,20,510.0
3420.0,-0.030000000000000006,13,334.0
3425.0,-0.030000000000000006,13,193.0
3430.0,0.05,14,187.0
3435.0,0.02,22,241.0
3440.0,-0.01,19,269.0
3445.0,-0.01,16,278.0
3450.0,0.01,15,280.0
3455.0,0.01,23,362.0
3460.0,0.0,21,341.0
3465.0,0.0,14,236.0
3470.0,0.0,12,215.0
3475.0,0.0,19,256.0
3480.0,0.0,19,309.0
3485.0,0.0,16,315.0
3490.0,-0.01,12,269.0
3495.0,-0.01,12,189.0
3500.0,-0.060000000000000005,21,231.0
3505.0,-0.060000000000000005,17,215.0
3510.0,0.07,8,198.0
3515.0,0.07,11,179.0
3520.0,-0.04,14,185.0
3525.0,-0.04,17,134.0
3530.0,0.04,12,145.0
3535.0,0.0,10,155.0
3540.0,0.0,13,206.0
3545.0,-0.12,15,178.0
3550.0,-0.12,12,117.0
3555.0,0.09999999999999999,8,109.0
3560.0,0.09999999999999999,12,161.0
3565.0,0.0,14,170.0
3570.0,0.0,21,213.0
3575.0,0.01,16,165.0
3580.0,0.01,14,183.0
3585.0,-0.01,17,223.0
3590.0,-0.01,21,292.0
3595.0,0.02,18,355.0
3600.0,0.02,28,452.0
3605.0,0.0,28,511.0
3610.0,0.0,23,487.0
3615.0,0.0,14,300.0
3620.0,-0.05,13,231.0
3625.0,-0.05,19,262.0
3630.0,0.05,23,292.0
3635.0,-0.02,18,321.0
3640.0,-0.16,12,259.0
3645.0,-0.16,17,191.0
3650.0,-0.49000000000000005,23,234.0
3655.0,-0.49000000000000005,16,237.0
3660.0,0.33,17,245.0
3665.0,0.33,26,337.0
3670.0,-0.19,23,324.0
3675.0,-0.19,17,220.0
3680.0,0.51,14,138.0
3685.0,0.51,13,149.0
3690.0,0.02,15,170.0
3695.0,0.0,15,139.0
3700.0,-0.02,14,120.0
3705.0,0.0,13,120.0
3710.0,0.0,18,168.0
3715.0,-0.06,22,198.0
3720.0,-0.06,18,213.0
3725.0,0.03,13,224.0
3730.0,0.0,15,196.0
3735.0,0.0,21,272.0
3740.0,-0.22000000000000003,21,296.0
3745.0,-0.22000000000000003,15,238.0
3750.0,0.2,8,158.0
3755.0,0.2,10,96.0
3760.0,-0.13,8,71.0
3765.0,-0.13,7,73.0
3770.0,0.2,7,76.0
3775.0,0.2,15,109.0
3780.0,-0.06,11,109.0
3785.0,-0.06,13,120.0
3790.0,0.039999999999999994,18,155.0
3795.0,0.039999999999999994,13,170.0
3800.0,0.0,10,158.0
3805.0,0.0,8,113.0
3810.0,0.0,14,149.0
3815.0,0.02,16,84.0
3820.0,0.0,13,118.0
3825.0,0.0,7,57.0
3830.0,0.0,9,66.0
3835.0,-0.02,15,89.0
3840.0,-0.02,10,88.0
3845.0,0.02,12,121.0
3850.0,0.02,18,145.0
3855.0,0.0,14,166.0
3860.0,0.0,22,224.0
3865.0,-0.03,16,191.0
3870.0,-0.04000000000000001,14,229.0
3875.0,-0.04000000000000001,15,203.0
3880.0,0.0,13,143.0
3885.0,0.0,11,95.0
3890.0,0.060000000000000005,10,113.0
3895.0,0.060000000000000005,9,107.0
3900.0,-0.01,15,120.0
3905.0,-0.01,15,109.0
3910.0,-0.05,15,129.0
3915.0,-0.05,17,155.0
3920.0,0.05,13,165.0
3925.0,0.05,12,133.0
3930.0,0.0,8,140.0
3935.0,0.0,11,138.0
3940.0,0.02,15,137.0
3945.0,0.02,12,174.0
3950.0,0.0,11,161.0
3955.0,0.0,9,123.0
3960.0,0.0,12,89.0
3965.0,0.0,11,87.0
3970.0,0.0,19,145.0
3975.0,-0.08,14,161.0
3980.0,-0.08,12,117.0
3985.0,0.04,12,99.0
3990.0,-0.019999999999999997,12,136.0
3995.0,-0.019999999999999997,17,139.0
4000.0,-0.12,22,182.0
4005.0,-0.12,19,207.0
4010.0,0.12,18,247.0
4015.0,0.039999999999999994,12,177.0
4020.0,0.039999999999999994,17,181.0
4025.0,-0.06999999999999999,11,143.0
4030.0,-0.06999999999999999,15,112.0
4035.0,0.09,16,158.0
4040.0,0.09,29,251.0
4045.0,0.0,30,344.0
4050.0,0.0,17,333.0
4055.0,-0.02,9,252.0
4060.0,-0.02,13,243.0
4065.0,0.02,19,273.0
4070.0,-0.04,21,301.0
4075.0,-0.07999999999999999,17,249.0
4080.0,-0.07999999999999999,23,294.0
4085.0,-0.13,20,339.0
4090.0,-0.13,18,341.0
4095.0,0.07,19,383.0
4100.0,0.06999999999999999,18,367.0
4105.0,0.06999999999999999,17,262.0
4110.0,-0.28,11,244.0
4115.0,-0.28,18,271.0
4120.0,0.28,28,354.0
4125.0,0.11,30,466.0
4130.0,0.11,31,580.0
4135.0,-0.02,24,592.0
4140.0,-0.02,29,618.0
4145.0,-0.06,29,662.0
4150.0,-0.06,27,765.0
4155.0,0.05,20,669.0
4160.0,0.05,11,500.0
4165.0,-0.04000000000000001,9,452.0
4170.0,-0.04000000000000001,20,509.0
4175.0,0.07,33,628.0
4180.0,0.07,19,575.0
4185.0,0.0,10,369.0
4190.0,0.0,11,316.0
4195.0,-0.02,15,367.0
4200.0,-0.02,18,392.0
4205.0,0.02,27,475.0
4210.0,0.02,21,389.0
4215.0,0.0,16,266.0
4220.0,0.0,11,141.0
4225.0,0.0,16,151.0
4230.0,0.0,8,104.0
4235.0,0.0,18,115.0
4240.0,-0.02,13,103.0
4245.0,-0.02,23,169.0
4250.0,0.0,18,190.0
4255.0,0.0,20,231.0
4260.0,-0.06999999999999999,18,249.0
4265.0,-0.06999999999999999,12,259.0
4270.0,0.06999999999999999,11,120.0
4275.0,0.06999999999999999,15,118.0
4280.0,-0.08,5,85.0
4285.0,-0.08,8,69.0
4290.0,0.08,9,50.0
4295.0,0.08,13,86.0
4300.0,-0.039999999999999994,11,91.0
4305.0,-0.039999999999999994,9,90.0
4310.0,0.06,7,88.0
4315.0,0.06,9,83.0
4320.0,-0.02,10,122.0
4325.0,-0.02,3,24.0
4330.0,0.0,11,72.0
4335.0,0.0,6,60.0
4340.0,0.0,13,67.0
4345.0,-0.09999999999999999,17,108.0
4350.0,-0.09999999999999999,13,133.0
4355.0,-0.43000000000000005,11,142.0
4360.0,-0.3999999999999999,8,130.0
4365.0,-0.3999999999999999,11,134.0
4370.0,0.36,12,136.0
4375.0,0.36,20,212.0
4380.0,-0.19000000000000006,16,251.0
4385.0,-0.19000000000000006,17,216.0
4390.0,0.5700000000000001,13,217.0
4395.0,0.5700000000000001,11,199.0
4400.0,-0.09,6,129.0
4405.0,-0.09,14,135.0
4410.0,0.3,11,170.0
4415.0,0.3,15,203.0
4420.0,-0.02,19,211.0
4425.0,-0.02,21,194.0
4430.0,0.0,14,194.0
4435.0,0.0,17,171.0
4440.0,-0.05,20,237.0
4445.0,-0.12,23,320.0
4450.0,0.08,22,349.0
4455.0,-0.11,25,422.0
4460.0,-0.1,22,492.0
4465.0,-0.16999999999999998,16,434.0
4470.0,0.13,11,285.0
4475.0,0.02999999999999997,8,244.0
4480.0,0.02999999999999997,20,306.0
4485.0,0.33,22,361.0
4490.0,0.33,11,318.0
4495.0,0.0,13,219.0
4500.0,0.0,16,168.0
4505.0,0.0,24,230.0
4510.0,0.0,11,175.0
4515.0,-0.01,8,87.0
4520.0,-0.04,9,101.0
4525.0,-0.04,16,145.0
4530.0,0.010000000000000002,14,172.0
4535.0,0.010000000000000002,15,173.0
4540.0,0.04,10,145.0
4545.0,0.04,13,136.0
4550.0,-0.01,12,135.0
4555.0,-0.01,14,111.0
4560.0,-0.01,5,87.0
4565.0,0.02,7,51.0
4570.0,0.02,10,66.0
4575.0,0.0,10,82.0
4580.0,0.0,9,72.0
4585.0,-0.03,8,80.0
4590.0,-0.03,6,92.0
4595.0,-0.08,6,44.0
4600.0,-0.08,13,75.0
4605.0,-0.009999999999999995,12,93.0
4610.0,-0.009999999999999995,8,100.0
4615.0,0.07999999999999999,9,70.0
4620.0,0.04,10,92.0
4625.0,0.0,8,78.0
4630.0,0.0,13,106.0
4635.0,-0.05,11,86.0
4640.0,-0.05,12,118.0
4645.0,0.05,12,135.0
4650.0,0.05,6,124.0
4655.0,-0.04,4,48.0
4660.0,-0.04,5,46.0
4665.0,0.02,9,45.0
4670.0,0.02,12,73.0
4675.0,-0.02,10,79.0
4680.0,-0.02,14,110.0
4685.0,0.04,16,118.0
4690.0,0.04,10,126.0
4695.0,-0.03,19,127.0
4700.0,-0.18,13,106.0
4705.0,-0.33000000000000007,23,165.0
4710.0,-0.51,18,228.0
4715.0,-0.5799999999999998,24,305.0
4720.0,-0.69,20,388.0
4725.0,-0.7000000000000002,22,461.0
4730.0,-0.7000000000000002,21,484.0
4735.0,-0.7000000000000002,18,481.0
4740.0,0.7600000000000002,26,584.0
4745.0,0.7600000000000002,28,681.0
4750.0,-0.5100000000000002,24,664.0
4755.0,-0.5100000000000002,15,536.0
4760.0,0.9700000000000002,18,521.0
4765.0,0.3900000000000001,18,458.0
4770.0,1.25,32,571.0
4775.0,1.25,34,682.0
4780.0,-0.10999999999999999,29,693.0
4785.0,-0.10999999999999999,22,580.0
4790.0,0.95,13,482.0
4795.0,-0.02,8,320.0
4800.0,-0.02,12,335.0
4805.0,0.04,18,394.0
4810.0,-0.03,17,398.0
4815.0,-0.11000000000000001,22,402.0
4820.0,-0.21999999999999997,28,511.0
4825.0,-0.32999999999999996,29,627.0
4830.0,0.09999999999999998,23,694.0
4835.0,0.21999999999999997,20,615.0
4840.0,0.22999999999999998,16,396.0
4845.0,0.22999999999999998,16,392.0
4850.0,-0.2,14,370.0
4855.0,-0.2,28,410.0
4860.0,0.11000000000000001,26,460.0
4865.0,0.15000000000000002,24,510.0
4870.0,-0.06000000000000001,14,419.0
4875.0,-0.06000000000000001,17,265.0
4880.0,0.08000000000000002,10,255.0
4885.0,0.08000000000000002,24,318.0
4890.0,0.06,21,351.0
4895.0,0.06,18,427.0
4900.0,0.0,16,380.0
4905.0,0.0,12,241.0
4910.0,0.0,8,152.0
4915.0,0.0,12,110.0
4920.0,-0.05,10,143.0
4925.0,-0.05,17,180.0
4930.0,0.020000000000000004,15,191.0
4935.0,-0.03,15,248.0
4940.0,-0.05,13,267.0
4945.0,-0.05,16,257.0
4950.0,0.11,9,168.0
4955.0,0.11,11,114.0
4960.0,-0.1,10,153.0
4965.0,-0.03,15,179.0
4970.0,-0.03,11,128.0
4975.0,0.13,5,95.0
4980.0,0.13,11,59.0
4985.0,0.0,10,54.0
4990.0,0.0,13,68.0
4995.0,-0.03,10,103.0
5000.0,-0.05,8,85.0
5005.0,-0.05,7,82.0
5010.0,0.06,12,96.0
5015.0,0.06,17,119.0
5020.0,0.0,15,150.0
5025.0,0.0,14,169.0
5030.0,0.0,8,123.0
5035.0,0.0,13,144.0
5040.0,0.02,16,185.0
5045.0,0.02,11,178.0
5050.0,0.0,13,202.0
5055.0,0.0,11,195.0
5060.0,0.0,19,223.0
5065.0,0.0,12,184.0
5070.0,-0.21,13,184.0
5075.0,-0.21,8,79.0
5080.0,0.06,20,132.0
5085.0,0.06,15,168.0
5090.0,-0.29000000000000004,12,166.0
5095.0,-0.29000000000000004,14,166.0
5100.0,0.44,18,212.0
5105.0,0.44,22,272.0
5110.0,0.0,27,356.0
5115.0,0.0,23,388.0
5120.0,0.0,21,433.0
5125.0,0.0,28,526.0
5130.0,0.0,31,642.0
5135.0,0.0,32,735.0
5140.0,0.0,21,669.0
5145.0,0.0,16,584.0
5150.0,0.0,14,621.0
5155.0,0.0,16,614.0
5160.0,-0.09,17,530.0
5165.0,-0.09,19,516.0
5170.0,0.09,28,608.0
5175.0,-0.07,29,707.0
5180.0,-0.13,24,677.0
5185.0,-0.07,15,549.0
5190.0,0.16000000000000003,15,547.0
5195.0,0.09,15,512.0
5200.0,0.09,23,492.0
5205.0,-0.02,23,535.0
5210.0,-0.02,18,436.0
5215.0,0.04,15,320.0
5220.0,0.04,5,177.0
5225.0,-0.04,13,188.0
5230.0,-0.07999999999999999,20,237.0
5235.0,-0.07999999999999999,19,280.0
5240.0,0.12,24,295.0
5245.0,0.0,24,371.0
5250.0,0.0,29,484.0
5255.0,-0.2,28,503.0
5260.0,-0.2,11,338.0
5265.0,0.19,6,127.0
5270.0,0.19,16,161.0
5275.0,0.01,21,220.0
5280.0,0.01,23,225.0
5285.0,-0.06,16,237.0
5290.0,-0.06,17,225.0
5295.0,0.06,11,146.0
5300.0,0.06,7,101.0
5305.0,0.0,9,76.0
5310.0,0.0,17,119.0
5315.0,-0.02,18,143.0
5320.0,-0.02,15,165.0
5325.0,0.0,14,130.0
5330.0,0.0,19,153.0
5335.0,-0.05,10,162.0
5340.0,-0.05,10,165.0
5345.0,0.07,11,162.0
5350.0,0.07,12,158.0
5355.0,-0.03,18,184.0
5360.0,-0.03,15,233.0
5365.0,0.03,13,168.0
5370.0,0.03,11,97.0
5375.0,-0.02,8,101.0
5380.0,-0.02,10,77.0
5385.0,0.02,8,80.0
5390.0,0.02,11,72.0
5395.0,-0.03,8,83.0
5400.0,-0.03,11,94.0
5405.0,0.03,8,79.0
5410.0,0.03,12,114.0
5415.0,0.0,12,73.0
5420.0,-0.04,13,86.0
5425.0,-0.04,17,88.0
5430.0,-0.07999999999999999,17,125.0
5435.0,-0.24,11,117.0
5440.0,-0.27,14,154.0
5445.0,-0.38,17,205.0
5450.0,-0.3999999999999999,17,235.0
5455.0,-0.3999999999999999,20,194.0
5460.0,1.0499999999999998,27,283.0
5465.0,1.0499999999999998,27,382.0
5470.0,-0.14,27,452.0
5475.0,-0.14,24,471.0
5480.0,0.48,27,531.0
5485.0,0.48,22,616.0
5490.0,0.02,21,690.0
5495.0,0.02,22,683.0
5500.0,0.0,16,586.0
5505.0,0.0,12,524.0
5510.0,0.0,16,534.0
5515.0,0.0,22,567.0
5520.0,0.0,33,661.0
5525.0,-0.12,35,776.0
5530.0,-0.12,27,779.0
5535.0,0.12,17,727.0
5540.0,0.0,18,538.0
5545.0,0.0,15,252.0
5550.0,-0.05,7,247.0
5555.0,-0.05,16,282.0
5560.0,0.05,20,322.0
5565.0,0.0,28,424.0
5570.0,0.0,19,446.0
5575.0,0.0,18,433.0
5580.0,-0.04,11,275.0
5585.0,-0.049999999999999996,10,118.0
5590.0,-0.049999999999999996,8,94.0
5595.0,0.0,12,77.0
5600.0,0.0,18,157.0
5605.0,0.01999999999999999,26,213.0
5610.0,0.01999999999999999,13,253.0
5615.0,0.05,15,255.0
5620.0,0.02,12,210.0
5625.0,0.02,16,160.0
5630.0,-0.11,16,203.0
5635.0,-0.11,9,108.0
5640.0,0.09,25,167.0
5645.0,0.09,5,123.0
5650.0,-0.08,14,105.0
5655.0,-0.07999999999999999,9,77.0
5660.0,-0.07999999999999999,13,88.0
5665.0,0.12,9,63.0
5670.0,0.12,7,101.0
5675.0,0.039999999999999994,10,92.0
5680.0,0.039999999999999994,15,96.0
5685.0,-0.09,14,104.0
5690.0,-0.09,9,77.0
5695.0,0.039999999999999994,10,79.0
5700.0,0.039999999999999994,6,65.0
5705.0,0.07,10,63.0
5710.0,0.07,4,50.0
5715.0,0.0,4,43.0
5720.0,0.0,8,54.0
5725.0,0.0,16,87.0
5730.0,0.0,16,122.0
5735.0,0.0,15,144.0
5740.0,0.0,14,137.0
5745.0,0.0,11,121.0
5750.0,0.0,9,76.0
5755.0,-0.04,11,98.0
5760.0,-0.04,6,60.0
5765.0,0.04,7,51.0
5770.0,0.04,6,40.0
5775.0,0.0,15,69.0
5780.0,0.0,17,101.0
5785.0,-0.22,9,100.0
5790.0,-0.22,7,94.0
5795.0,-0.05000000000000002,13,126.0
5800.0,-0.05000000000000002,12,154.0
5805.0,-0.29999999999999993,14,196.0
5810.0,-0.29999999999999993,14,208.0
5815.0,0.36,21,290.0
5820.0,0.36,17,285.0
5825.0,-0.15,20,318.0
5830.0,-0.15,15,314.0
5835.0,0.32999999999999996,4,259.0
5840.0,0.32999999999999996,13,257.0
5845.0,0.019999999999999997,17,315.0
5850.0,0.019999999999999997,14,247.0
5855.0,0.01,19,301.0
5860.0,0.01,21,337.0
5865.0,0.0,12,243.0
5870.0,-0.02,11,189.0
5875.0,0.02,9,169.0
5880.0,-0.04,13,170.0
5885.0,-0.07,20,211.0
5890.0,-0.23000000000000004,21,263.0
5895.0,-0.36999999999999994,18,235.0
5900.0,-0.36999999999999994,15,187.0
5905.0,-0.29000000000000004,21,212.0
5910.0,-0.29000000000000004,13,245.0
5915.0,-0.19999999999999996,9,164.0
5920.0,0.42999999999999994,7,110.0
5925.0,0.34,9,49.0
5930.0,0.31,13,89.0
5935.0,0.12,8,65.0
5940.0,0.12,12,88.0
5945.0,0.0,8,77.0
5950.0,0.0,10,82.0
5955.0,-0.02,7,63.0
5960.0,-0.02,11,69.0
5965.0,0.0,7,77.0
5970.0,0.0,6,72.0
5975.0,-0.08,15,126.0
5980.0,-0.04999999999999999,9,67.0
5985.0,-0.04999999999999999,13,111.0
5990.0,0.04999999999999999,13,118.0
5995.0,0.04999999999999999,16,169.0
6000.0,0.08,12,163.0
6005.0,0.08,18,180.0
6010.0,-0.06999999999999999,20,237.0
6015.0,-0.06999999999999999,22,299.0
6020.0,0.09,21,354.0
6025.0,0.09,18,346.0
6030.0,-0.06,5,179.0
6035.0,-0.06,11,88.0
6040.0,0.06,10,73.0
6045.0,0.06,13,90.0
6050.0,-0.01,17,137.0
6055.0,0.01,16,193.0
6060.0,-0.02,13,192.0
6065.0,0.0,20,251.0
6070.0,0.0,15,253.0
6075.0,0.0,5,256.0
6080.0,0.0,6,196.0
6085.0,0.02,15,228.0
6090.0,0.02,13,247.0
6095.0,0.0,20,309.0
6100.0,0.0,14,334.0
6105.0,0.0,19,331.0
6110.0,0.0,18,311.0
6115.0,0.0,14,316.0
6120.0,0.0,9,303.0
6125.0,0.0,11,316.0
6130.0,0.0,23,384.0
6135.0,-0.05,20,412.0
6140.0,-0.18,21,403.0
6145.0,-0.33999999999999997,12,323.0
6150.0,-0.33999999999999997,20,386.0
6155.0,-0.08000000000000007,23,414.0
6160.0,0.23000000000000004,27,480.0
6165.0,0.23000000000000004,28,551.0
6170.0,-0.08000000000000002,17,456.0
6175.0,-0.08000000000000002,11,301.0
6180.0,0.38,16,342.0
6185.0,0.38,17,384.0
6190.0,0.12,12,296.0
6195.0,0.12,18,248.0
6200.0,0.0,27,306.0
6205.0,0.0,21,317.0
6210.0,-0.02,22,332.0
6215.0,-0.02,28,403.0
6220.0,0.0,24,451.0
6225.0,0.0,26,531.0
6230.0,0.0,28,573.0
6235.0,0.02,17,462.0
6240.0,0.02,20,417.0
6245.0,-0.11,20,428.0
6250.0,-0.11,23,397.0
6255.0,0.06,13,373.0
6260.0,-0.06999999999999999,16,377.0
6265.0,-0.03,21,276.0
6270.0,-0.05000000000000002,22,339.0
6275.0,-0.05000000000000002,15,360.0
6280.0,0.14,15,264.0
6285.0,0.14,15,143.0
6290.0,0.019999999999999997,12,146.0
6295.0,0.019999999999999997,11,105.0
6300.0,0.04,11,124.0
6305.0,0.04,11,98.0
6310.0,-0.04,17,138.0
6315.0,-0.04,11,123.0
6320.0,0.03,15,109.0
6325.0,0.03,17,114.0
6330.0,-0.07,15,118.0
6335.0,-0.07,9,105.0
6340.0,-0.009999999999999995,14,129.0
6345.0,-0.009999999999999995,15,123.0
6350.0,0.09,15,132.0
6355.0,0.09,10,84.0
6360.0,-0.04,9,81.0
6365.0,-0.04,10,81.0
6370.0,0.02,14,106.0
6375.0,0.02,9,93.0
6380.0,0.0,9,97.0
6385.0,0.0,10,68.0
6390.0,0.02,9,100.0
6395.0,0.02,13,93.0
6400.0,-0.05,13,106.0
6405.0,-0.05,10,74.0
6410.0,0.030000000000000002,7,87.0
6415.0,0.030000000000000002,5,57.0
6420.0,0.02,7,33.0
6425.0,0.02,18,80.0
6430.0,-0.06,19,130.0
6435.0,-0.06,16,184.0
6440.0,0.06,16,204.0
6445.0,0.06,18,246.0
6450.0,0.0,8,191.0
6455.0,0.0,10,108.0
6460.0,0.0,11,133.0
6465.0,0.0,12,122.0
6470.0,0.0,10,134.0
6475.0,0.0,4,87.0
6480.0,0.0,4,46.0
6485.0,0.0,8,56.0
6490.0,-0.01,9,53.0
6495.0,-0.01,6,70.0
6500.0,0.01,5,54.0
6505.0,0.0,8,48.0
6510.0,0.0,20,111.0
6515.0,-0.25,12,117.0
6520.0,-0.25,15,133.0
6525.0,0.03,11,147.0
6530.0,0.03,15,186.0
6535.0,-0.13999999999999999,12,176.0
6540.0,-0.15000000000000002,7,165.0
6545.0,-0.15000000000000002,10,162.0
6550.0,0.44,18,176.0
6555.0,-0.16,19,215.0
6560.0,-0.16,20,240.0
6565.0,0.11000000000000001,12,241.0
6570.0,0.12,17,250.0
6575.0,0.12,22,331.0
6580.0,-0.09,17,364.0
6585.0,-0.09,22,369.0
6590.0,0.09,27,453.0
6595.0,0.09,24,503.0
6600.0,-0.1,13,466.0
6605.0,-0.1,13,447.0
6610.0,0.0,22,538.0
6615.0,0.0,26,604.0
6620.0,0.0,29,706.0
6625.0,-0.13,19,688.0
6630.0,-0.13,13,598.0
6635.0,0.08000000000000002,18,608.0
6640.0,0.06999999999999999,23,674.0
6645.0,0.08,18,699.0
6650.0,0.08,19,600.0
6655.0,-0.02,20,462.0
6660.0,-0.02,11,357.0
6665.0,0.01,11,275.0
6670.0,0.01,12,293.0
6675.0,0.01,14,221.0
6680.0,0.01,12,149.0
6685.0,0.0,10,112.0
6690.0,0.0,9,78.0
6695.0,0.0,10,85.0
6700.0,-0.02,10,95.0
6705.0,-0.02,10,86.0
6710.0,-0.039999999999999994,11,80.0
6715.0,-0.039999999999999994,8,78.0
6720.0,0.039999999999999994,4,55.0
6725.0,0.039999999999999994,7,57.0
6730.0,0.02,7,52.0
6735.0,0.02,6,47.0
6740.0,0.0,10,54.0
6745.0,0.0,12,74.0
6750.0,-0.01,8,81.0
6755.0,-0.01,13,119.0
6760.0,-0.09000000000000001,8,104.0
6765.0,-0.09000000000000001,10,104.0
6770.0,0.08,7,77.0
6775.0,0.0,13,81.0
6780.0,0.0,10,63.0
6785.0,0.02,5,46.0
6790.0,0.02,10,62.0
6795.0,-0.02,13,98.0
6800.0,-0.02,10,80.0
6805.0,0.02,10,94.0
6810.0,0.02,13,128.0
6815.0,0.0,16,134.0
6820.0,0.0,9,94.0
6825.0,0.0,8,59.0
6830.0,0.0,13,93.0
6835.0,0.0,19,158.0
6840.0,0.0,16,179.0
6845.0,0.0,19,225.0
6850.0,0.0,22,256.0
6855.0,-0.06,11,223.0
6860.0,-0.06,9,172.0
6865.0,0.03,17,175.0
6870.0,0.03,16,199.0
6875.0,-0.27,20,172.0
6880.0,-0.39999999999999997,18,221.0
6885.0,-0.44999999999999996,13,218.0
6890.0,-0.44999999999999996,15,202.0
6895.0,0.2499999999999999,22,265.0
6900.0,0.2499999999999999,21,296.0
6905.0,-0.5299999999999999,10,239.0
6910.0,-0.5299999999999999,8,148.0
6915.0,1.01,11,128.0
6920.0,1.01,13,151.0
6925.0,-0.14000000000000007,9,150.0
6930.0,-0.09999999999999998,14,155.0
6935.0,-0.07999999999999996,16,140.0
6940.0,-0.07999999999999996,15,160.0
6945.0,0.74,17,182.0
6950.0,0.74,14,153.0
6955.0,0.0,10,168.0
6960.0,0.0,14,160.0
6965.0,0.0,16,191.0
6970.0,0.0,18,217.0
6975.0,0.0,18,221.0
6980.0,-0.1,13,197.0
6985.0,-0.1,16,188.0
6990.0,0.1,10,134.0
6995.0,0.1,12,131.0
7000.0,0.0,10,95.0
7005.0,0.0,14,84.0
7010.0,0.0,10,77.0
7015.0,0.0,9,84.0
7020.0,-0.07,5,64.0
7025.0,-0.04999999999999999,12,47.0
7030.0,-0.04999999999999999,11,82.0
7035.0,0.09999999999999999,17,123.0
7040.0,0.02,16,150.0
7045.0,0.02,18,198.0
7050.0,-0.04,11,176.0
7055.0,-0.04,13,161.0
7060.0,0.04,8,93.0
7065.0,0.04,10,107.0
7070.0,-0.03,8,95.0
7075.0,-0.03,11,95.0
7080.0,0.03,14,141.0
7085.0,0.03,12,122.0
7090.0,0.0,10,136.0
7095.0,0.0,10,107.0
7100.0,-0.04,13,69.0
7105.0,-0.04,19,121.0
7110.0,0.02,14,149.0
7115.0,0.02,7,86.0
7120.0,0.02,13,73.0
7125.0,0.02,12,71.0
7130.0,-0.04,14,110.0
7135.0,-0.04,8,88.0
7140.0,0.04,9,66.0
7145.0,0.04,13,96.0
7150.0,-0.06,14,120.0
7155.0,-0.06,17,160.0
7160.0,0.0,17,198.0
7165.0,0.0,14,218.0
7170.0,0.009999999999999995,5,90.0
7175.0,0.009999999999999995,6,76.0
7180.0,0.05,11,93.0
7185.0,0.05,20,154.0
7190.0,0.0,18,186.0
7195.0,0.0,13,197.0
7200.0,0.0,11,118.0
7205.0,0.0,9,99.0
7210.0,-0.03,10,106.0
7215.0,0.03,6,79.0
7220.0,0.03,16,92.0
7225.0,-0.14,12,115.0
7230.0,-0.14,4,57.0
7235.0,0.04000000000000001,7,45.0
7240.0,0.04000000000000001,8,66.0
7245.0,-0.18000000000000002,13,85.0
7250.0,-0.18000000000000002,9,84.0
7255.0,0.28,12,98.0
7260.0,0.28,11,117.0
7265.0,0.0,14,143.0
7270.0,0.0,13,166.0
7275.0,-0.05,9,170.0
7280.0,-0.05,11,166.0
7285.0,0.05,8,143.0
7290.0,0.0,7,104.0
7295.0,0.0,8,90.0
7300.0,0.0,9,105.0
7305.0,0.0,7,124.0
7310.0,0.0,11,158.0
7315.0,0.0,11,135.0
7320.0,-0.05,14,141.0
7325.0,-0.14,15,177.0
7330.0,-0.15000000000000002,14,153.0
7335.0,-0.15000000000000002,22,234.0
7340.0,-0.34,7,174.0
7345.0,-0.34,17,155.0
7350.0,0.35000000000000003,11,123.0
7355.0,0.2,13,113.0
7360.0,0.13,17,132.0
7365.0,0.13,12,108.0
7370.0,-0.02,9,85.0
7375.0,-0.02,10,108.0
7380.0,0.02,11,115.0
7385.0,0.02,19,168.0
7390.0,0.0,8,161.0
7395.0,0.0,4,114.0
7400.0,0.0,9,137.0
7405.0,0.0,20,164.0
7410.0,0.0,12,161.0
7415.0,0.0,15,199.0
7420.0,-0.09,11,183.0
7425.0,-0.09,12,145.0
7430.0,0.09,12,116.0
7435.0,0.09,14,117.0
7440.0,-0.01,13,94.0
7445.0,-0.01,9,97.0
7450.0,0.01,7,79.0
7455.0,0.01,10,83.0
7460.0,0.0,14,125.0
7465.0,0.0,15,134.0
7470.0,-0.01,11,141.0
7475.0,-0.01,15,141.0
7480.0,-0.07,14,164.0
7485.0,-0.07,10,131.0
7490.0,0.08,13,131.0
7495.0,0.08,8,142.0
7500.0,0.0,17,196.0
7505.0,0.0,8,143.0
7510.0,-0.01,10,111.0
7515.0,-0.01,10,96.0
7520.0,0.01,9,74.0
7525.0,0.01,12,83.0
7530.0,-0.02,7,59.0
7535.0,-0.02,8,58.0
7540.0,0.02,14,100.0
7545.0,0.02,13,135.0
7550.0,-0.02,10,87.0
7555.0,-0.02,14,104.0
7560.0,0.02,7,91.0
7565.0,0.02,6,69.0
7570.0,-0.08,10,73.0
7575.0,-0.18,13,122.0
7580.0,-0.24,10,114.0
7585.0,-0.24,8,107.0
7590.0,-0.030000000000000027,9,105.0
7595.0,0.26,10,104.0
7600.0,0.26,14,134.0
7605.0,-0.07999999999999996,13,127.0
7610.0,-0.07999999999999996,18,178.0
7615.0,0.35,16,217.0
7620.0,0.35,12,183.0
7625.0,0.0,14,208.0
7630.0,0.0,23,278.0
7635.0,0.0,17,332.0
7640.0,0.0,15,327.0
7645.0,0.0,12,262.0
7650.0,0.0,12,287.0
7655.0,-0.02,18,320.0
7660.0,0.0,24,389.0
7665.0,-0.05,19,440.0
7670.0,-0.04999999999999999,12,382.0
7675.0,-0.07,19,342.0
7680.0,-0.15000000000000002,12,352.0
7685.0,-0.14999999999999997,10,368.0
7690.0,-0.15000000000000002,11,317.0
7695.0,-0.21999999999999997,13,175.0
7700.0,-0.21999999999999997,16,204.0
7705.0,0.29999999999999993,17,209.0
7710.0,0.29999999999999993,6,107.0
7715.0,0.19000000000000006,14,103.0
7720.0,0.21,4,55.0
7725.0,0.16,7,57.0
7730.0,-0.02,11,45.0
7735.0,0.02,17,111.0
7740.0,0.02,9,100.0
7745.0,0.0,6,91.0
7750.0,0.0,8,71.0
7755.0,-0.04,15,90.0
7760.0,-0.07,14,100.0
7765.0,-0.030000000000000013,13,124.0
7770.0,-0.030000000000000013,10,104.0
7775.0,0.09000000000000001,19,156.0
7780.0,0.09000000000000001,12,142.0
7785.0,0.05,12,144.0
7790.0,0.05,10,111.0
7795.0,0.0,13,106.0
7800.0,0.0,13,122.0
7805.0,0.0,20,187.0
7810.0,0.0,11,182.0
7815.0,-0.08,15,164.0
7820.0,-0.08,11,166.0
7825.0,0.06,14,184.0
7830.0,0.06,10,165.0
7835.0,0.02,14,127.0
7840.0,0.02,3,58.0
7845.0,-0.02,7,77.0
7850.0,-0.02,6,72.0
7855.0,0.02,17,129.0
7860.0,0.02,11,117.0
7865.0,-0.02,18,185.0
7870.0,-0.02,12,207.0
7875.0,0.02,15,261.0
7880.0,0.02,16,278.0
7885.0,0.0,12,246.0
7890.0,0.0,6,151.0
7895.0,0.0,7,129.0
7900.0,0.0,10,126.0
7905.0,-0.05,8,129.0
7910.0,-0.05,7,130.0
7915.0,0.05,8,138.0
7920.0,-0.05,9,128.0
7925.0,-0.05,12,161.0
7930.0,-0.020000000000000004,7,89.0
7935.0,-0.020000000000000004,8,65.0
7940.0,-0.04999999999999999,7,46.0
7945.0,-0.04999999999999999,12,62.0
7950.0,-0.05000000000000002,5,60.0
7955.0,-0.05000000000000002,7,65.0
7960.0,-0.009999999999999981,12,63.0
7965.0,-0.009999999999999981,21,134.0
7970.0,-0.04000000000000001,12,162.0
7975.0,-0.04000000000000001,8,123.0
7980.0,0.2,11,77.0
7985.0,0.2,10,118.0
7990.0,0.01,6,60.0
7995.0,0.01,13,80.0
8000.0,-0.01,9,49.0
8005.0,-0.01,16,77.0
8010.0,0.02,8,67.0
8015.0,0.02,11,80.0
8020.0,0.0,8,72.0
8025.0,0.0,9,54.0
8030.0,0.0,18,115.0
8035.0,0.0,15,138.0
8040.0,0.0,12,140.0
8045.0,-0.08,12,122.0
8050.0,-0.08,14,152.0
8055.0,0.04,9,89.0
8060.0,-0.049999999999999996,8,79.0
8065.0,-0.06,13,74.0
8070.0,-0.04000000000000001,9,73.0
8075.0,-0.04000000000000001,12,77.0
8080.0,0.18,14,80.0
8085.0,0.18,17,128.0
8090.0,0.01,6,100.0
8095.0,0.01,4,61.0
8100.0,0.0,4,17.0
8105.0,0.0,12,73.0
8110.0,-0.04,6,55.0
8115.0,-0.04,4,46.0
8120.0,0.04,5,45.0
8125.0,0.04,11,64.0
8130.0,-0.07,8,67.0
8135.0,-0.039999999999999994,11,66.0
8140.0,-0.05,6,81.0
8145.0,-0.04999999999999999,6,62.0
8150.0,-0.04999999999999999,9,60.0
8155.0,0.21,8,69.0
8160.0,0.0,4,57.0
8165.0,0.0,15,88.0
8170.0,0.0,12,84.0
8175.0,0.0,9,105.0
8180.0,-0.02,7,84.0
8185.0,-0.02,10,43.0
8190.0,-0.06,16,90.0
8195.0,-0.06,19,132.0
8200.0,0.0,13,171.0
8205.0,0.0,17,212.0
8210.0,0.06,17,250.0
8215.0,0.06,5,165.0
8220.0,0.0,6,51.0
8225.0,0.02,5,30.0
8230.0,0.0,10,41.0
8235.0,0.0,6,42.0
8240.0,-0.03,9,82.0
8245.0,-0.03,11,64.0
8250.0,0.03,8,63.0
8255.0,0.03,13,77.0
8260.0,0.0,12,103.0
8265.0,0.0,13,134.0
8270.0,-0.02,13,157.0
8275.0,0.0,7,102.0
8280.0,-0.06999999999999999,9,65.0
8285.0,-0.12,5,63.0
8290.0,-0.12,9,70.0
8295.0,0.16999999999999998,12,89.0
8300.0,-0.16999999999999998,15,145.0
8305.0,-0.16999999999999998,21,192.0
8310.0,-0.54,21,261.0
8315.0,-0.42999999999999994,26,347.0
8320.0,-0.43000000000000016,24,417.0
8325.0,-0.43000000000000016,18,434.0
8330.0,0.26,14,356.0
8335.0,0.4800000000000001,19,402.0
8340.0,0.4800000000000001,27,519.0
8345.0,0.10999999999999999,22,553.0
8350.0,0.10999999999999999,17,498.0
8355.0,0.76,19,466.0
8360.0,0.76,15,402.0
8365.0,-0.06,18,315.0
8370.0,-0.06,10,289.0
8375.0,0.06,22,346.0
8380.0,0.06,19,324.0
8385.0,-0.02,15,228.0
8390.0,0.0,16,163.0
8395.0,0.0,24,227.0
8400.0,-0.27999999999999997,15,227.0
8405.0,-0.27999999999999997,15,232.0
8410.0,0.0,10,205.0
8415.0,0.0,16,178.0
8420.0,-0.38000000000000006,13,173.0
8425.0,-0.38000000000000006,18,164.0
8430.0,0.030000000000000027,7,129.0
8435.0,0.14,7,115.0
8440.0,0.36,12,86.0
8445.0,0.07999999999999999,17,111.0
8450.0,0.07,15,117.0
8455.0,0.0,13,119.0
8460.0,0.0,15,117.0
8465.0,0.0,13,136.0
8470.0,0.0,10,157.0
8475.0,-0.02,11,135.0
8480.0,-0.039999999999999994,9,101.0
8485.0,-0.039999999999999994,15,122.0
8490.0,-0.010000000000000009,15,151.0
8495.0,-0.010000000000000009,13,151.0
8500.0,0.07,8,135.0
8505.0,0.07,12,114.0
8510.0,0.0,12,113.0
8515.0,0.0,17,119.0
8520.0,0.0,5,83.0
8525.0,0.0,8,72.0
8530.0,-0.04,6,88.0
8535.0,-0.04,17,110.0
8540.0,-0.019999999999999997,9,75.0
8545.0,-0.019999999999999997,4,38.0
8550.0,0.039999999999999994,3,51.0
8555.0,0.02,8,57.0
8560.0,0.02,11,71.0
8565.0,0.0,11,74.0
8570.0,0.0,11,103.0
8575.0,0.0,8,85.0
8580.0,0.0,9,94.0
8585.0,-0.04,8,52.0
8590.0,-0.04,6,55.0
8595.0,0.02,1,32.0
8600.0,0.02,8,35.0
8605.0,0.02,8,37.0
8610.0,0.02,11,74.0
8615.0,0.0,13,77.0
8620.0,0.0,14,111.0
8625.0,-0.02,6,77.0
8630.0,-0.02,8,34.0
8635.0,0.0,13,78.0
8640.0,0.02,7,56.0
8645.0,0.02,6,52.0
8650.0,-0.07,10,71.0
8655.0,-0.07,8,71.0
8660.0,-0.04999999999999999,13,106.0
8665.0,-0.05000000000000002,8,87.0
8670.0,-0.03999999999999998,15,108.0
8675.0,-0.07000000000000003,12,118.0
8680.0,-0.07000000000000003,19,159.0
8685.0,0.28,10,133.0
8690.0,0.28,16,193.0
8695.0,-0.01,22,248.0
8700.0,-0.01,21,331.0
8705.0,0.01,17,321.0
8710.0,0.01,20,353.0
8715.0,-0.02,11,275.0
8720.0,-0.02,18,313.0
8725.0,0.02,11,290.0
8730.0,0.02,10,263.0
8735.0,-0.05,10,200.0
8740.0,-0.05,13,214.0
8745.0,0.05,23,257.0
8750.0,-0.01,21,310.0
8755.0,-0.11,14,349.0
8760.0,-0.14,16,361.0
8765.0,-0.14,19,362.0
8770.0,-0.41000000000000003,16,333.0
8775.0,-0.41000000000000003,9,327.0
8780.0,0.10999999999999999,18,316.0
8785.0,0.16000000000000003,18,243.0
8790.0,0.10000000000000003,8,97.0
8795.0,0.18,5,76.0
8800.0,0.09,9,67.0
8805.0,-0.010000000000000002,12,69.0
8810.0,-0.010000000000000002,11,100.0
8815.0,0.04,5,74.0
8820.0,0.04,10,91.0
8825.0,-0.02,12,111.0
8830.0,-0.02,13,94.0
8835.0,-0.039999999999999994,6,92.0
8840.0,-0.1,10,75.0
8845.0,-0.1,9,74.0
8850.0,0.16,11,85.0
8855.0,0.16,9,110.0
8860.0,-0.09,13,123.0
8865.0,-0.09,17,113.0
8870.0,0.09,10,134.0
8875.0,0.09,2,68.0
8880.0,-0.02,11,75.0
8885.0,-0.02,18,109.0
8890.0,0.02,17,159.0
8895.0,0.0,9,151.0
8900.0,0.0,12,183.0
8905.0,-0.02,17,173.0
8910.0,-0.02,17,129.0
8915.0,-0.06999999999999999,9,104.0
8920.0,-0.06999999999999999,8,95.0
8925.0,0.09,7,57.0
8930.0,0.09,12,81.0
8935.0,0.0,15,96.0
8940.0,0.0,15,112.0
8945.0,0.0,13,125.0
8950.0,0.0,20,182.0
8955.0,0.0,15,230.0
8960.0,0.0,18,298.0
8965.0,0.0,18,343.0
8970.0,0.0,19,408.0
8975.0,0.0,22,490.0
8980.0,0.0,17,488.0
8985.0,0.0,7,278.0
8990.0,0.0,8,301.0
8995.0,-0.02,10,338.0
9000.0,-0.02,15,382.0
9005.0,0.0,22,450.0
9010.0,-0.06999999999999999,18,492.0
9015.0,-0.06999999999999999,19,473.0
9020.0,-0.31000000000000005,9,238.0
9025.0,-0.31000000000000005,7,186.0
9030.0,-0.09999999999999998,9,165.0
9035.0,0.21000000000000002,12,143.0
9040.0,0.14999999999999997,14,81.0
9045.0,0.14999999999999997,15,135.0
9050.0,-0.10999999999999999,13,138.0
9055.0,-0.10999999999999999,14,139.0
9060.0,0.23,9,103.0
9065.0,0.23,15,154.0
9070.0,0.02,13,171.0
9075.0,0.0,12,166.0
9080.0,0.0,14,179.0
9085.0,-0.02,15,244.0
9090.0,-0.02,17,277.0
9095.0,0.0,15,302.0
9100.0,0.0,14,272.0
9105.0,-0.05,17,304.0
9110.0,-0.05,12,292.0
9115.0,0.0,13,296.0
9120.0,0.0,9,285.0
9125.0,0.030000000000000006,12,306.0
9130.0,-0.049999999999999996,10,311.0
9135.0,-0.09,8,241.0
9140.0,0.06,13,89.0
9145.0,0.09999999999999999,12,111.0
9150.0,0.02,9,107.0
9155.0,0.02,10,111.0
9160.0,-0.08,15,163.0
9165.0,-0.08,15,147.0
9170.0,0.08,10,160.0
9175.0,0.08,16,209.0
9180.0,0.0,14,281.0
9185.0,0.0,16,248.0
9190.0,-0.07,14,229.0
9195.0,-0.07,12,156.0
9200.0,0.05,12,99.0
9205.0,0.05,12,106.0
9210.0,0.02,7,83.0
9215.0,0.02,17,117.0
9220.0,0.0,14,129.0
9225.0,0.0,17,182.0
9230.0,0.0,12,170.0
9235.0,0.0,10,133.0
9240.0,-0.02,15,120.0
9245.0,-0.02,18,151.0
9250.0,-0.02,16,192.0
9255.0,-0.02,19,252.0
9260.0,-0.13999999999999999,12,192.0
9265.0,-0.13999999999999999,23,225.0
9270.0,0.09,9,170.0
9275.0,-0.03,10,162.0
9280.0,-0.03,9,162.0
9285.0,0.12,15,210.0
9290.0,0.12,13,258.0
9295.0,0.0,14,262.0
9300.0,0.0,21,333.0
9305.0,0.0,17,355.0
9310.0,0.0,20,386.0
9315.0,0.0,19,358.0
9320.0,-0.08,17,305.0
9325.0,-0.08,13,275.0
9330.0,0.06,15,287.0
9335.0,0.02,18,355.0
9340.0,0.02,9,269.0
9345.0,0.0,13,228.0
9350.0,0.0,7,228.0
9355.0,0.0,11,241.0
9360.0,0.0,7,148.0
9365.0,0.0,8,60.0
9370.0,0.0,9,55.0
9375.0,-0.01,20,112.0
9380.0,-0.13999999999999999,23,188.0
9385.0,-0.23,19,249.0
9390.0,0.10999999999999999,17,256.0
9395.0,0.2,18,238.0
9400.0,0.2,17,198.0
9405.0,-0.09,15,204.0
9410.0,-0.04999999999999999,12,230.0
9415.0,-0.05000000000000002,6,125.0
9420.0,-0.05000000000000002,13,138.0
9425.0,0.24000000000000002,18,171.0
9430.0,0.24000000000000002,12,95.0
9435.0,0.02,14,93.0
9440.0,0.02,15,135.0
9445.0,-0.02,13,125.0
9450.0,-0.02,19,146.0
9455.0,0.02,15,106.0
9460.0,0.0,11,112.0
9465.0,0.0,10,75.0
9470.0,-0.07,16,113.0
9475.0,-0.07,12,127.0
9480.0,0.020000000000000004,12,120.0
9485.0,0.020000000000000004,18,147.0
9490.0,-0.24,15,137.0
9495.0,-0.24,16,143.0
9500.0,0.03999999999999998,7,118.0
9505.0,-0.06,21,113.0
9510.0,0.29,15,126.0
9515.0,0.29,17,142.0
9520.0,-0.05,19,130.0
9525.0,-0.05,14,153.0
9530.0,0.07,11,146.0
9535.0,0.07,10,150.0
9540.0,0.0,8,130.0
9545.0,0.0,11,129.0
9550.0,-0.02,8,136.0
9555.0,-0.05,9,139.0
9560.0,-0.05,11,57.0
9565.0,0.020000000000000004,18,114.0
9570.0,0.020000000000000004,8,103.0
9575.0,0.05,8,94.0
9580.0,0.05,3,58.0
9585.0,-0.02,11,63.0
9590.0,-0.02,8,52.0
9595.0,0.02,8,56.0
9600.0,0.02,13,84.0
9605.0,0.0,6,75.0
9610.0,0.0,10,85.0
9615.0,0.0,12,82.0
9620.0,0.0,12,95.0
9625.0,0.0,12,92.0
9630.0,0.0,9,109.0
9635.0,-0.07,12,122.0
9640.0,-0.07,12,152.0
9645.0,-0.009999999999999995,10,122.0
9650.0,-0.009999999999999995,6,116.0
9655.0,0.08,5,52.0
9660.0,0.08,8,58.0
9665.0,0.0,6,49.0
9670.0,0.0,9,58.0
9675.0,-0.07,13,93.0
9680.0,-0.07,17,132.0
9685.0,0.05,13,151.0
9690.0,0.05,12,183.0
9695.0,0.02,15,231.0
9700.0,0.02,18,277.0
9705.0,0.0,17,273.0
9710.0,-0.02,15,339.0
9715.0,-0.030000000000000002,5,246.0
9720.0,-0.030000000000000002,11,116.0
9725.0,-0.06,11,124.0
9730.0,-0.06,16,174.0
9735.0,-0.11,14,205.0
9740.0,0.09,14,211.0
9745.0,0.010000000000000009,25,226.0
9750.0,-0.05000000000000002,25,289.0
9755.0,-0.05000000000000002,14,256.0
9760.0,0.1,13,151.0
9765.0,0.1,18,206.0
9770.0,0.07,13,199.0
9775.0,0.07,6,150.0
9780.0,0.0,14,196.0
9785.0,0.0,17,236.0
9790.0,-0.02,12,182.0
9795.0,-0.02,14,174.0
9800.0,-0.02,14,189.0
9805.0,-0.049999999999999996,25,264.0
9810.0,-0.07,15,172.0
9815.0,-0.04999999999999999,18,181.0
9820.0,-0.04999999999999999,18,234.0
9825.0,0.12,19,280.0
9830.0,0.12,16,273.0
9835.0,0.09,16,300.0
9840.0,0.09,6,158.0
9845.0,-0.21,12,166.0
9850.0,-0.21,14,178.0
9855.0,0.09,17,234.0
9860.0,0.12,9,196.0
9865.0,0.12,16,154.0
9870.0,-0.09,10,74.0
9875.0,-0.09,14,115.0
9880.0,0.09,18,136.0
9885.0,0.09,18,151.0
9890.0,0.0,16,164.0
9895.0,-0.06,11,147.0
9900.0,-0.06,12,114.0
9905.0,-0.020000000000000004,18,167.0
9910.0,-0.020000000000000004,14,183.0
9915.0,0.08,7,150.0
9920.0,0.08,11,84.0
9925.0,0.0,15,111.0
9930.0,-0.06,9,94.0
9935.0,-0.06,14,103.0
9940.0,0.039999999999999994,11,119.0
9945.0,0.039999999999999994,10,102.0
9950.0,0.02,13,134.0
9955.0,0.02,16,138.0
9960.0,0.0,12,135.0
9965.0,0.0,13,148.0
9970.0,-0.02,17,159.0
9975.0,-0.06999999999999999,18,178.0
9980.0,-0.24000000000000002,20,193.0
9985.0,-0.3,14,201.0
9990.0,-0.30000000000000004,11,139.0
9995.0,-0.30000000000000004,7,111.0
10000.0,0.30000000000000004,13,97.0
10005.0,0.34,11,102.0
